wavelength_um,through_transmission,drop_transmission
1.3963963963963966,1.003917899085303,0.037809676545927304
1.3973195504537532,1.0056856523332665,0.03768099070028508
1.3982439259081068,1.0050129013150686,0.03710938556748834
1.3991695251850516,1.0061348056106239,0.0357696643580895
1.4000963507166087,1.0049803292445383,0.03416344700950911
1.4010244049412475,1.005515869329081,0.03209151064472759
1.4019536903039076,1.0040405558301215,0.029989580266320186
1.402884209256019,1.004162206365761,0.027714728041991283
1.4038159642555248,1.0025575864386091,0.025569925162307425
1.4047489577669023,1.0023907271204426,0.023436816456055925
1.4056831922611852,1.0007633643716969,0.021494685650212838
1.4066186702159842,1.000352294805871,0.019649407847202396
1.4075553941155103,0.9987203030128471,0.017993719182504742
1.408493366450597,0.9980467094985338,0.016462096025806845
1.4094325897187199,0.9963585776832173,0.01509335477585179
1.410373066424022,0.995345490993007,0.013848893708927458
1.411314799077334,0.9934751044955695,0.012735189281264762
1.4122577901961975,0.9919637995083651,0.01173524671828566
1.413202042304887,0.9896694819441718,0.010835982563629377
1.4141475579344323,0.9873449267645757,0.010035949320141643
1.4150943396226416,0.984151685194992,0.009309760684265422
1.4160423899141241,0.9803509408574269,0.008665942374472484
1.416991711360312,0.9752398204204854,0.008069627061520557
1.4179423065194854,0.9684265289150288,0.007533451233846941
1.4188941779567923,0.9589216709948605,0.007011479857794403
1.419847328244275,0.9450533309033465,0.006509381622038126
1.4208017599608898,0.9242320890235939,0.005956917055389356
1.4217574756925335,0.8913176931409884,0.005325595480565092
1.4227144780320649,0.8388488483247385,0.0044977456319090165
1.4236727695793279,0.7589301758316233,0.0034590387777470627
1.4246323529411766,0.6677922163739239,0.0024501629262229816
1.425593230731498,0.6364686325126602,0.0021027526388903
1.426555405571236,0.6999948838400941,0.002471827021784646
1.4275188800884142,0.7874616581094107,0.0030916826113973
1.4284836569181618,0.8533147704929199,0.0036583010076535576
1.429449738702736,0.8956273153739178,0.004097770472317831
1.4304171280915468,0.9229129853692497,0.00443012104825896
1.4313858277411808,0.9405369505793819,0.0047026096190113465
1.4323558403154264,0.9528552108983654,0.0049326227134624985
1.433327168485297,0.9612330563777075,0.0051542964280630954
1.4342998149290562,0.967676460057189,0.005364043888509072
1.4352737823322428,0.9721830326364853,0.005588577864233701
1.4362490733876947,0.9759923977631934,0.005814362990421845
1.437225690795574,0.978669204030963,0.006066239481635705
1.4382036372633924,0.9811592953429611,0.006325707937856887
1.4391829155060354,0.982896335296085,0.006617382821764368
1.4401635282457879,0.9846762264616926,0.006919615769591875
1.4411454782123598,0.9859144803929951,0.0072567159057261126
1.4421287681429105,0.9873032684835321,0.007604273089188313
1.4431134007820743,0.9882888807537488,0.007985172943101781
1.4440993788819878,0.9894743585978212,0.008371737309096934
1.4450867052023122,0.9903595265535408,0.008783450683397195
1.4460753825102626,0.9914618002373959,0.009188312468419349
1.4470654135806311,0.9923430783785189,0.009599780197901276
1.4480568011958148,0.9934340430800143,0.009980690289845233
1.4490495481458399,0.9943572857793225,0.010336364325074917
1.4500436572283897,0.9954540607837576,0.010625675934791188
1.45103913124883,0.9964004948535055,0.010846596530618853
1.452035973020235,0.9974494988155475,0.010959842881630426
1.4530341853634148,0.9983274048963159,0.010962032120709226
1.4540337711069418,0.9992122252977289,0.010826649668874797
1.4550347330871771,0.999890970515982,0.010558817560584998
1.4560370741482966,1.000491993800289,0.010155689787760927
1.45704079714232,1.0008802938810926,0.009637020182048286
1.458045904929136,1.0011511989740312,0.009024445345955916
1.4590524003765297,1.0012510770176863,0.008346468698266428
1.460060286360211,1.0012352871831816,0.007636272552454323
1.4610695657638408,1.0011192810930645,0.006917224645562829
1.4620802414790592,1.0009017214182008,0.006218820439770162
1.4630923164055127,1.000655409819519,0.005550775335976024
1.4641057934508817,1.0003127613157792,0.004932683787251233
1.4651206755309094,0.9999996523654092,0.004361739334800343
1.4661369655694287,0.9995814468691148,0.0038492571699070333
1.467154666498391,0.9992366151372463,0.003385204739679227
1.4681737812578934,0.9987669935185375,0.0029762190184171155
1.4691943127962086,0.9984031428255267,0.0026096956582179415
1.4702162640698118,0.9978879496222988,0.0022901684906788664
1.4712396380434096,0.9975022619770025,0.0020052090092083008
1.4722644376899696,0.9969344947648642,0.001758499447909085
1.4732906659907485,0.9965127835290699,0.0015390479639702736
1.4743183259353203,0.9958749616981387,0.001350102775092975
1.4753474205216068,0.9953926890805117,0.0011825620536343466
1.4763779527559056,0.994656251356823,0.0010392792424168836
1.47740992565292,0.9940763717715212,0.000913128356232124
1.4784433422357879,0.9931975727891024,0.0008064602920840075
1.479478205536112,0.9924646223470027,0.0007140880976772996
1.480514518593989,0.991375991733392,0.0006377328936472861
1.4815522844580387,0.990404166808641,0.0005740986413427441
1.4825915061854356,0.9889976735870698,0.0005241592827065531
1.4836321868419373,0.9876474428299177,0.0004865108158991305
1.4846743295019158,0.9857411546241941,0.0004612799016218618
1.4857179372483866,0.9837716028646166,0.00044904468304909857
1.48676301317304,0.9810396993477103,0.00044901040692443947
1.4878095603762718,0.978004411444873,0.0004639630728720481
1.4888575819672132,0.9738177847948832,0.0004921380612867608
1.4899070810637618,0.9688159684784382,0.0005389835293077407
1.4909580607926125,0.9618416597963834,0.0006017615594597859
1.4920105242892896,0.9528565560272778,0.0006893954785557037
1.4930644746981763,0.9399311583469729,0.000798075449484869
1.4941199151725468,0.9218619644319437,0.0009409981269459678
1.495176848874598,0.8945070288928674,0.0011104314495940068
1.4962352789754811,0.8531369981467746,0.001315115401111274
1.4972952086553324,0.7886740964986985,0.0015033503627271724
1.498356641103306,0.6964760746977888,0.0015679606835472288
1.499419579517606,0.5998512068005596,0.001306571098820692
1.500484027105518,0.5791226135994175,0.0010550434146409569
1.501549987083441,0.662427345749968,0.0014345452831583927
1.502617462676921,0.7679466326064966,0.0021064217716622955
1.5036864571206832,0.8462197073564526,0.002742273260770323
1.504756973658663,0.8961989674712835,0.0033452981396208193
1.5058290155440415,0.9280709637327406,0.003970647588006577
1.5069025860392766,0.9487264283715571,0.00465258210839578
1.507977688416137,0.9628665103960772,0.005403578964262551
1.5090543259557345,0.9727508172441302,0.006235354212147088
1.510132501948558,0.9800665283842673,0.007142266500702566
1.5112122196945077,0.9855399735376007,0.008126142985384489
1.512293482502927,0.9898550278849376,0.009167623392010294
1.5133762936926383,0.9932589350508039,0.010258045628224273
1.514460656591975,0.9960558619783858,0.01136513242999802
1.5155465745388175,0.998325306656755,0.012471855976308337
1.5166340508806264,1.000201968565394,0.013540181566278947
1.5177230889744762,1.0017042446479012,0.014553987934722748
1.5188136921870916,1.0028888284585014,0.015481883630362483
1.5199058638948815,1.0037642486418237,0.016318421199627002
1.5209996074839724,1.004360663266926,0.0170460993500367
1.5220949263502455,1.0047031766774985,0.017670915219263828
1.523191823899371,1.0048182684033042,0.018186661663451877
1.5242903035468434,1.004750604581325,0.01860489560078817
1.5253903687180161,1.0045230639039107,0.01892539325250866
1.5264920228481387,1.004189584516664,0.019160777514315674
1.5275952693823918,1.0037619890884064,0.019314198471192142
1.5287001117759222,1.0032939724327998,0.01939785116114954
1.5298065534938807,1.0027819506539195,0.019417311519779188
1.5309145980114571,1.0022759968718769,0.019383738748994142
1.5320242488139169,1.001757191412669,0.019304209454037703
1.533135509396637,1.0012732361639534,0.01918823820595396
1.5342483832651446,1.0007918476251525,0.019043435535417264
1.5353628739351515,1.000361460554841,0.01887728079223921
1.5364789849325933,0.9999381530841239,0.018697258147097606
1.5375967197936644,0.9995744830109418,0.018508811851196964
1.5387160820648578,0.9992155630418929,0.01831901645966236
1.5398370753030002,0.9989211856105734,0.018131577163753385
1.5409597030752917,0.9986250430587493,0.017953133086850738
1.542083968959342,0.9983969840232804,0.017786091223950362
1.5432098765432098,0.9981578992878325,0.017636762698656702
1.5443374294254402,0.9979904089591902,0.017506746810883846
1.5454666312151024,0.9978005587182297,0.017402201764985352
1.54659748553183,0.9976864294114791,0.01732441412146004
1.547729996005858,0.997536640073286,0.01727960703975489
1.548864166278063,0.9974674953797532,0.01726923269363023
1.55,0.9973471941937084,0.017299780774276526
1.551137500833945,0.9973131320473856,0.01737325282985896
1.552276672452931,0.9972096132625693,0.01749646665001464
1.55341751854079,0.9971980215141847,0.01767213946388576
1.5545600427921904,0.9970947419932168,0.017907197982656525
1.5557042489126798,0.9970879959536317,0.01820488672724826
1.5568501406187225,0.9969613735745723,0.018571609726973474
1.5579977216377405,0.9969324277079199,0.019010558751206393
1.5591469957081545,0.9967457033617418,0.0195265710443297
1.5602979665794243,0.9966498206841022,0.02012188796662768
1.5614506380120887,0.996341810073828,0.02079841208712941
1.5626050137778076,0.9961014514978452,0.02155634014553935
1.5637610976594027,0.995565848921746,0.02239300267191606
1.5649188934508984,0.9950425603237136,0.023305357298480742
1.5660784049575645,0.9940889867149134,0.024284309726048593
1.5672396359959555,0.9930292955261196,0.025322399478511892
1.5684025903939556,0.99130573763334,0.026402180065431113
1.569567271990819,0.9892283003501278,0.027510968026828553
1.5707336846372113,0.9860509873919183,0.028621329625052927
1.5719018321952538,0.9819839886690634,0.029715323335976967
1.5730717185385654,0.975915788488954,0.030754004204776142
1.5742433475523057,0.9676991643797549,0.03171357424021016
1.575416723133216,0.9553510103393945,0.03253727565720617
1.5765918491896656,0.9375166747776383,0.033182220261421605
1.577768729641694,0.9097207773277911,0.03353255587823639
1.5789473684210527,0.8666539081999185,0.033431480485439015
1.5801277694712519,0.7976285795829166,0.03248402999124813
1.5813099367476025,0.6950064538829128,0.03010399205998851
1.5824938742172612,0.5788957853104916,0.02600797449390689
1.583679585859274,0.5391725149792822,0.022340196608374562
1.5848670756646217,0.6215015490438736,0.02143416661399082
1.5860563476362644,0.7374668367523007,0.022055589214945832
1.5872474057891863,0.8261853911531721,0.02268961874472137
1.5884402541504408,0.8834713627575583,0.0229605364060032
1.5896348967591958,0.9202900814022368,0.02289595369483589
1.5908313376667809,0.944128625768635,0.02259508042945969
1.5920295809367297,0.9604221418138471,0.022143531338379218
1.5932296306448297,0.9716709430141798,0.02160863518428679
1.594431490879166,0.979861088891144,0.021034873189174876
1.5956351657401688,0.9858307595245813,0.020458022786588235
1.5968406593406594,0.9903639044234748,0.01989674632158821
1.5980479758058972,0.9938214354410171,0.01936969708048125
1.5992571192736276,0.9965027132590625,0.018881451783541493
1.6004680938941283,0.9986445803103224,0.018442132416160474
1.6016809038302562,1.000306168376492,0.018049097327797966
1.6028955532574973,1.001712584331375,0.017708765777064296
1.6041120463640128,1.0027792312846169,0.017415054421252994
1.605330387350687,1.0037570431968346,0.01717315307226982
1.6065505804311775,1.0044623907612622,0.016975393069919742
1.6077726298319617,1.0051840669832204,0.01682685027423101
1.6089965397923875,1.005663471646872,0.016719036501538376
1.6102223145647205,1.006229667319882,0.01665728307086126
1.6114499584141946,1.0065641651554957,0.016632470774654295
1.612679475619061,1.0070348053277098,0.01665018838100192
1.6139108704706373,1.0072738620404826,0.016700590776221432
1.6151441472733588,1.0076846504960562,0.016789348269792167
1.6163793103448274,1.0078587599499418,0.01690565815767435
1.6176163640158632,1.0082307620078537,0.017055031873221226
1.618855312630553,1.008358852503849,0.01722546197158937
1.6200961605463033,1.0087041388069171,0.017422077495006398
1.621338912133891,1.0087982477193163,0.017631489142981155
1.6225835717775143,1.0091235343820806,0.017858310139081287
1.6238301438748428,1.009191421429388,0.01808776090304718
1.6250786328370728,1.0094999623786811,0.0183239590458322
1.6263290430889759,1.0095465680759867,0.01855094510597032
1.6275813790689535,1.009838682926407,0.018772529619719227
1.6288356452290877,1.0098657773519168,0.018972017872015072
1.6300918460351959,1.0101381614600027,0.01915324196958678
1.6313499859668819,1.0101431113466781,0.01929940249972516
1.63261006951759,1.0103867725008655,0.019414762536489185
1.633872101194659,1.0103604735480483,0.019483201390512156
1.6351360855193753,1.0105590425432949,0.019509876861938592
1.6364020270270272,1.010483915998365,0.019480232031938126
1.6376699302669577,1.0106121409760698,0.01940084891865883
1.6389397998026223,1.0104618539158163,0.019259742461665744
1.6402116402116405,1.0104853562037646,0.019065513856113162
1.6414854560858516,1.0102246691410224,0.018809761779087705
1.6427612520313715,1.0101012821807074,0.01850359897798407
1.6440390326686465,1.0096865966903679,0.018142971666065037
1.6453188026325103,1.00936519065561,0.017741638588367786
1.646600566572238,1.0087436996721546,0.017299978173053645
1.6478843291516052,1.008161176224326,0.0168337964580655
1.649170095048943,1.0072628747652062,0.016347112491103846
1.6504578689571947,1.0063342473237995,0.01585644704898575
1.6517476555839727,1.0050568939619733,0.015367822674384173
1.6530394596516174,1.0036523565302902,0.014896573498641609
1.6543332858972533,1.0018342332960446,0.014448470120011174
1.6556291390728477,0.9997443826797208,0.014035352423961643
1.656927023945268,0.9971172632583761,0.013660101836236909
1.6582269452963412,0.993995820090202,0.013328772330218138
1.6595289079229123,0.9901014161819174,0.013039350687231846
1.6608329166369027,0.9853378818890152,0.012791638991872604
1.6621389762653702,0.979326650614986,0.012579540444344646
1.6634470916505686,0.9717118011731203,0.012399768958619013
1.6647572676500073,0.9617844455428417,0.012246665843384656
1.6660695091365103,0.9485771329354755,0.012120185727504505
1.6673838209982788,0.9303790183691966,0.012021444759772437
1.6687002081389508,0.9045098101864235,0.01196130464881712
1.6700186754776614,0.8661304749699242,0.011952354305324106
1.671339227949105,0.8073935444198618,0.01201144273804971
1.672661870503597,0.7155877092816216,0.012089652069783425
1.6739866081071353,0.580515008747008,0.011873377547255357
1.6753134457414613,0.42988744181684047,0.010415863344224362
1.6766423884041248,0.38028516000098495,0.0076012148937122485
1.677973441108545,0.49107369853093563,0.006144386298752276
1.6793066088840738,0.6463931850139812,0.006409385538685092
1.680641896776059,0.764581134665114,0.00692886886246865
1.6819793098459088,0.8399879722479842,0.007233109914557115
1.6833188531711554,0.8882916946247118,0.007340415063146605
1.6846605318455186,0.9188418003527692,0.007337211405842191
1.6860043509789702,0.9400727134511137,0.0072638225673924625
1.687350315697801,0.954067901902223,0.007159608856929209
1.6886984311446833,0.9648821249691273,0.007031048651362729
1.690048702478738,0.9720898801762965,0.0068976316980785225
1.6914011348756002,0.978302639632768,0.0067555352369483655
1.6927557335274843,0.9823037395608253,0.006618230896248303
1.6941125036432527,0.9862213285358988,0.006478273531949388
1.6954714504484796,0.9886123246307784,0.006347495695322652
1.6968325791855203,0.9912918762003141,0.00621646258402743
1.6981958951135783,0.9927385746617889,0.006097159227307154
1.699561403508772,0.994644003765782,0.005978504117694185
1.7009291096642036,0.9956158483236746,0.005873463263726552
1.7022990188900278,0.9970168151013978,0.0057692264280372815
1.7036711365135195,0.997648819227715,0.005680406351442937
1.7050454678791434,0.9987270099476324,0.005592061174699297
1.7064220183486238,0.9991771349987455,0.0055210512148330185
1.7078007933010135,0.9999623041353896,0.00544996167731651
1.7091817981327648,1.000338601445584,0.0053982003454586475
1.7105650382577986,1.0008609951090712,0.005345476496877971
1.7119505191075766,1.0012202273271775,0.0053142175050216855
1.7133382461311717,1.0014901324451961,0.0052805348541734845
1.7147282247953388,1.0018768966443832,0.005270376776636527
1.7161204605845881,1.0018853172565299,0.005255484981930497
1.7175149590012557,1.0023370195036676,0.005265884012927168
1.7189117255655775,1.0020642421167283,0.005268013760886235
1.7203107658157601,1.002614291308884,0.005296508408050263
1.7217120853080567,1.0020336295679937,0.00531162801509961
1.7231156896168383,1.0027147588567942,0.005353378529249869
1.7245215843346684,1.0017974910076728,0.0053749206247590674
1.7259297750723777,1.0026426579053536,0.005422719209370536
1.727340267459138,1.0013589094908293,0.005442081845403897
1.7287530671425386,1.0024032594625096,0.005487062003843629
1.730168179788659,1.0007247924418843,0.00549464555238068
1.731585611082148,1.002001789737044,0.005527425257184299
1.7330053667262968,0.9999001659507086,0.005514017149799848
1.7344274524431182,1.0014392975354103,0.005526314770072338
1.735851873973421,0.9988870461374706,0.005484927511716311
1.7372786370768885,1.0007083500386316,0.005471089980850276
1.7387077475321566,0.9976750632199236,0.005397804088488081
1.740139211136891,0.9997820740926586,0.005354880041724675
1.7415730337078652,0.9962368291602037,0.005249059865051328
