score,radius_um,kappa1,kappa2,peak_nm,detuning_nm,drop_peak,through_at_peak,through_baseline,er_db,q_loaded,analytic_fsr_nm,convergence
7.101929416988409,7.5910011850061325,0.31958255489702914,0.3195216249172292,1548.13125,1.868750000000091,0.9798811389987034,0.000113098858804543,0.9969733305243961,39.45225318089579,3564.762438345146,12.592862965610566,0.019480234753124246
7.298667176127356,4.4225819295365465,0.3777608749112324,0.37689960999628913,1550.56875,0.568749999999909,0.991672127779556,2.8751638996742512e-05,0.9938784680898145,45.3867067508489,1465.8814202471613,21.61462223144999,0.030043945882933066
7.364003393552014,8.529520078642749,0.2239045497825827,0.21768909129588487,1549.8,0.20000000000004547,0.9513511909100325,0.00027501703597188683,0.9993279078722512,35.60348418865609,8481.084587552212,11.20724692751772,0.033910584953812446
7.566907277165285,6.163391759938131,0.2876074835214209,0.282800724686347,1549.41875,0.5812499999999545,0.9789552059445064,8.766256210363447e-05,0.9981113191026735,40.56364821163857,3667.33450951317,15.509713063498205,0.03374311960493099
7.566907277165285,6.163391759938131,0.2876074835214209,0.282800724686347,1549.41875,0.5812499999999545,0.9789552059445064,8.766256210363447e-05,0.9981113191026735,40.56364821163857,3667.33450951317,15.509713063498205,0.056423612466309656
7.566907277165285,6.163391759938131,0.2876074835214209,0.282800724686347,1549.41875,0.5812499999999545,0.9789552059445064,8.766256210363447e-05,0.9981113191026735,40.56364821163857,3667.33450951317,15.509713063498205,0.0885902605709724
7.566907277165285,6.163391759938131,0.2876074835214209,0.282800724686347,1549.41875,0.5812499999999545,0.9789552059445064,8.766256210363447e-05,0.9981113191026735,40.56364821163857,3667.33450951317,15.509713063498205,0.10320321498649955
7.566907277165285,6.163391759938131,0.2876074835214209,0.282800724686347,1549.41875,0.5812499999999545,0.9789552059445064,8.766256210363447e-05,0.9981113191026735,40.56364821163857,3667.33450951317,15.509713063498205,0.13378738970330525
7.5935296811202715,6.163391759938131,0.3682134970949955,0.3673141369206266,1549.41875,0.5812499999999545,0.9877981971325946,2.537563495639156e-05,0.9945211527049165,45.93197106572536,2155.73428868998,15.509713063498205,0.17292083341246528
7.5935296811202715,6.163391759938131,0.3682134970949955,0.3673141369206266,1549.41875,0.5812499999999545,0.9877981971325946,2.537563495639156e-05,0.9945211527049165,45.93197106572536,2155.73428868998,15.509713063498205,0.19607321760087576
7.699143110389592,5.3419414904442135,0.26775304244393017,0.2622097530748915,1549.475,0.525000000000091,0.9786201729671788,0.00013492219456974483,0.9986184121958764,38.693161726025764,3702.1867534548855,17.894699495598662,0.21909951594704613
7.896462308520892,3.9063627547004938,0.20808355994873562,0.2065297106616548,1550.10625,0.10625000000004547,0.9744703580763581,0.0002575104721138845,0.999492325794985,35.889845688279024,4472.068136629286,24.470957690640496,0.2035725080757889
7.896462308520892,3.9063627547004938,0.20808355994873562,0.2065297106616548,1550.10625,0.10625000000004547,0.9744703580763581,0.0002575104721138845,0.999492325794985,35.889845688279024,4472.068136629286,24.470957690640496,0.20064471204493456
7.896462308520892,3.9063627547004938,0.20808355994873562,0.2065297106616548,1550.10625,0.10625000000004547,0.9744703580763581,0.0002575104721138845,0.999492325794985,35.889845688279024,4472.068136629286,24.470957690640496,0.20257361996209527
7.896462308520892,3.9063627547004938,0.20808355994873562,0.2065297106616548,1550.10625,0.10625000000004547,0.9744703580763581,0.0002575104721138845,0.999492325794985,35.889845688279024,4472.068136629286,24.470957690640496,0.2005876832215204
7.896462308520892,3.9063627547004938,0.20808355994873562,0.2065297106616548,1550.10625,0.10625000000004547,0.9744703580763581,0.0002575104721138845,0.999492325794985,35.889845688279024,4472.068136629286,24.470957690640496,0.20805274135607701
7.896462308520892,3.9063627547004938,0.20808355994873562,0.2065297106616548,1550.10625,0.10625000000004547,0.9744703580763581,0.0002575104721138845,0.999492325794985,35.889845688279024,4472.068136629286,24.470957690640496,0.2173944088402422
7.896462308520892,3.9063627547004938,0.20808355994873562,0.2065297106616548,1550.10625,0.10625000000004547,0.9744703580763581,0.0002575104721138845,0.999492325794985,35.889845688279024,4472.068136629286,24.470957690640496,0.23202870055929684
7.896462308520892,3.9063627547004938,0.20808355994873562,0.2065297106616548,1550.10625,0.10625000000004547,0.9744703580763581,0.0002575104721138845,0.999492325794985,35.889845688279024,4472.068136629286,24.470957690640496,0.23202870055929684
7.896462308520892,3.9063627547004938,0.20808355994873562,0.2065297106616548,1550.10625,0.10625000000004547,0.9744703580763581,0.0002575104721138845,0.999492325794985,35.889845688279024,4472.068136629286,24.470957690640496,0.23572868198292915
7.896462308520892,3.9063627547004938,0.20808355994873562,0.2065297106616548,1550.10625,0.10625000000004547,0.9744703580763581,0.0002575104721138845,0.999492325794985,35.889845688279024,4472.068136629286,24.470957690640496,0.23477655838355932
7.896462308520892,3.9063627547004938,0.20808355994873562,0.2065297106616548,1550.10625,0.10625000000004547,0.9744703580763581,0.0002575104721138845,0.999492325794985,35.889845688279024,4472.068136629286,24.470957690640496,0.2428084575716889
7.936593294917615,3.9061771426956664,0.262915231342772,0.2612380651504585,1550.0625,0.0625,0.9841342040152694,0.0001228780854622004,0.9986814573384184,39.09952550254887,2776.137859622558,24.47212049082878,0.23503026763716492
7.95483681229318,3.9060676281448607,0.2952669419355791,0.29351701646513567,1550.03125,0.03125,0.9875672117911065,3.4882053426509096e-05,0.9978683886396585,44.56471221944324,2184.0878138939925,24.472806616502464,0.24316752666402028
7.95483681229318,3.9060676281448607,0.2952669419355791,0.29351701646513567,1550.03125,0.03125,0.9875672117911065,3.4882053426509096e-05,0.9978683886396585,44.56471221944324,2184.0878138939925,24.472806616502464,0.2441710952888103
7.95483681229318,3.9060676281448607,0.2952669419355791,0.29351701646513567,1550.03125,0.03125,0.9875672117911065,3.4882053426509096e-05,0.9978683886396585,44.56471221944324,2184.0878138939925,24.472806616502464,0.24170780582687093
7.95483681229318,3.9060676281448607,0.2952669419355791,0.29351701646513567,1550.03125,0.03125,0.9875672117911065,3.4882053426509096e-05,0.9978683886396585,44.56471221944324,2184.0878138939925,24.472806616502464,0.26230624499810434
7.95483681229318,3.9060676281448607,0.2952669419355791,0.29351701646513567,1550.03125,0.03125,0.9875672117911065,3.4882053426509096e-05,0.9978683886396585,44.56471221944324,2184.0878138939925,24.472806616502464,0.263046361096497
7.956529787594207,3.9060676281448607,0.3037458186669725,0.30059861787139147,1550.03125,0.03125,0.9881422211424562,5.625055544104742e-05,0.9976239721805608,42.488400611709636,2068.8353985730746,24.472806616502464,0.27743896000163293
7.956529787594207,3.9060676281448607,0.3037458186669725,0.30059861787139147,1550.03125,0.03125,0.9881422211424562,5.625055544104742e-05,0.9976239721805608,42.488400611709636,2068.8353985730746,24.472806616502464,0.2761986247183393
