wavelength_um,through_transmission,drop_transmission_total
1.3963963963963966,0.1400196219110971,0.8102761920965377
1.3973195504537532,0.11701202104362537,0.835046445096794
1.3982439259081068,0.10444686397646041,0.8498299581798181
1.3991695251850516,0.10331930915801672,0.8535267822951038
1.4000963507166087,0.11349258224689973,0.8458445910293214
1.4010244049412475,0.13381444569995982,0.8276373307342554
1.4019536903039076,0.16249691214204035,0.8008420644862443
1.402884209256019,0.19742549638434187,0.7679394686342199
1.4038159642555248,0.23634043769731844,0.7312723712042482
1.4047489577669023,0.27706155342333977,0.692693759919103
1.4056831922611852,0.31778002123204646,0.653705525313237
1.4066186702159842,0.3572060630304862,0.6157542616350975
1.4075553941155103,0.3944570010769507,0.5802091243140662
1.408493366450597,0.4288743777863076,0.5479825604954414
1.4094325897187199,0.46000172695090114,0.5192920207370066
1.410373066424022,0.48765821270936227,0.4939880933878453
1.411314799077334,0.5118739116176317,0.47216323163012486
1.4122577901961975,0.5327136291340016,0.4542495451547961
1.413202042304887,0.5503252224523972,0.44026244318880525
1.4141475579344323,0.5653404315195891,0.4288829699342179
1.4150943396226416,0.5791693843076595,0.41750384164372395
1.4160423899141241,0.5935695603278875,0.40356120353066344
1.416991711360312,0.6095521163795797,0.3861895933222706
1.4179423065194854,0.6265410361019668,0.3668215236486258
1.4188941779567923,0.6426662479914226,0.34825205714820695
1.419847328244275,0.6560350868095063,0.3329833032367636
1.4208017599608898,0.6658710361075268,0.3221146330411273
1.4217574756925335,0.6725899133353687,0.3153730529045716
1.4227144780320649,0.6769827088930432,0.3118887724300508
1.4236727695793279,0.6794642786204711,0.31092401950198745
1.4246323529411766,0.6800374039864036,0.31210857420823673
1.425593230731498,0.6787167059360729,0.3152894474673381
1.426555405571236,0.6757454163721428,0.32033725384211115
1.4275188800884142,0.6713765410439447,0.32710703042236733
1.4284836569181618,0.6655961576007159,0.335509572716537
1.429449738702736,0.6581797499978785,0.34555888821763403
1.4304171280915468,0.6489793200067256,0.3573378298582144
1.4313858277411808,0.638043687324784,0.37093094481324956
1.4323558403154264,0.6254343564933253,0.38639743491097683
1.433327168485297,0.6110144365187258,0.40379819770630243
1.4342998149290562,0.594499220040465,0.42322991807281535
1.4352737823322428,0.5756863553185972,0.4448210180244643
1.4362490733876947,0.5545521302305387,0.4686946774630478
1.437225690795574,0.5311038991242497,0.4949375416797923
1.4382036372633924,0.5052164967147064,0.5235944176100833
1.4391829155060354,0.4766948161911264,0.5546714860629582
1.4401635282457879,0.4454959397491566,0.588121607666629
1.4411454782123598,0.41184188357295565,0.6238065618220806
1.4421287681429105,0.3761221231755755,0.6614476638009085
1.4431134007820743,0.33877937731389085,0.7005743856781944
1.4440993788819878,0.3003897418956004,0.7404796229706538
1.4450867052023122,0.2618719784595483,0.7801981562602601
1.4460753825102626,0.22456719462524655,0.8185215242561933
1.4470654135806311,0.19007334494344297,0.8540430764669106
1.4480568011958148,0.15999674106723102,0.8852250649922763
1.4490495481458399,0.13582389969208786,0.9105119177222046
1.4500436572283897,0.11888592338699332,0.9285284753110828
1.45103913124883,0.11022309200503827,0.9383394736611936
1.452035973020235,0.11030211114413792,0.9396506434664031
1.4530341853634148,0.11880069019589132,0.9328305508110148
1.4540337711069418,0.13468254065663884,0.9187672349045218
1.4550347330871771,0.15649958541772502,0.898701613164529
1.4560370741482966,0.18264266825025563,0.8741276173825295
1.45704079714232,0.2114114325198525,0.8466617259074902
1.458045904929136,0.24110047706048104,0.8177198773121545
1.4590524003765297,0.2703470053976455,0.7880546345722517
1.460060286360211,0.2986256769965171,0.7575031144180273
1.4610695657638408,0.32642189397235344,0.7252960520399457
1.4620802414790592,0.35474956000675956,0.6908656400984887
1.4630923164055127,0.38425350505842004,0.6546150240546352
1.4641057934508817,0.41456958551101214,0.6180609235169642
1.4651206755309094,0.44443148650892444,0.5832314767479723
1.4661369655694287,0.4723774007244829,0.5517778365018868
1.467154666498391,0.4974477501240625,0.5244248726336599
1.4681737812578934,0.5193894675516596,0.5010364538136853
1.4691943127962086,0.5383905441404315,0.48107262836012993
1.4702162640698118,0.5547239158033379,0.46401073638657137
1.4712396380434096,0.5685995396855048,0.449487824923171
1.4722644376899696,0.5802095954454782,0.437232241761545
1.4732906659907485,0.5897787545393525,0.4269847417648766
1.4743183259353203,0.5975222786368023,0.41851060990542255
1.4753474205216068,0.603579432069287,0.41165142614879796
1.4763779527559056,0.6080157711243127,0.4063297295386903
1.47740992565292,0.6108834491394634,0.40249961562674014
1.4784433422357879,0.6122562788134385,0.40010646245725756
1.479478205536112,0.6122022278413207,0.39909834828523166
1.480514518593989,0.6107413673135088,0.3994626473371987
1.4815522844580387,0.6078476972911221,0.40123551613965425
1.4825915061854356,0.6034878758348655,0.40447422901573554
1.4836321868419373,0.597643315002751,0.4092311519911976
1.4846743295019158,0.5902905769672337,0.4155619939143144
1.4857179372483866,0.5813716206608015,0.4235536539243057
1.48676301317304,0.5707945385679553,0.43333255151725036
1.4878095603762718,0.5584619119829906,0.4450419210788626
1.4888575819672132,0.5442898593436893,0.4588164005302024
1.4899070810637618,0.528198203979107,0.47478180173580975
1.4909580607926125,0.5100927029463552,0.49307052377532307
1.4920105242892896,0.4898701402217272,0.5138199178291974
1.4930644746981763,0.46744763410104584,0.5371415357631442
1.4941199151725468,0.442790347685613,0.5630840124715546
1.495176848874598,0.41592060446124257,0.5916148296337792
1.4962352789754811,0.38692097787682755,0.6226150860295302
1.4972952086553324,0.3559547832889673,0.6558599675181337
1.498356641103306,0.323307279487299,0.6909745325694475
1.499419579517606,0.2894264991420791,0.7273869420500354
1.500484027105518,0.2549426469378771,0.7643079409994895
1.501549987083441,0.22066523939312832,0.8007413573425635
1.502617462676921,0.18756943877944823,0.8355110053604674
1.5036864571206832,0.15677200307390768,0.8673006352478007
1.504756973658663,0.1294787663349027,0.8947270381744195
1.5058290155440415,0.10688702110450658,0.9164642943635604
1.5069025860392766,0.09005417135880887,0.9314024580067283
1.507977688416137,0.07977497901843293,0.9387909994815745
1.5090543259557345,0.07651241773471144,0.9383210237692574
1.510132501948558,0.08039390772942336,0.9301364239038641
1.5112122196945077,0.09124155468275633,0.914796570732617
1.512293482502927,0.10859048973565312,0.8932151691638581
1.5133762936926383,0.13167921965282547,0.8665800423579665
1.514460656591975,0.15944496367130692,0.8362457038960279
1.5155465745388175,0.1905785590694972,0.803600641142626
1.5166340508806264,0.22366234467603877,0.7699330192809936
1.5177230889744762,0.25735358737365005,0.7363288137146689
1.5188136921870916,0.29053837655135684,0.7036243728103995
1.5199058638948815,0.3223994454474251,0.6724111799858431
1.5209996074839724,0.3523976937282155,0.6430728008786132
1.5220949263502455,0.38021127052045334,0.6158321902448131
1.523191823899371,0.4056763086381595,0.5907963231725604
1.5242903035468434,0.42874356613346565,0.567993455003458
1.5253903687180161,0.4494423727395515,0.547401413807667
1.5264920228481387,0.4678455567479535,0.5289664604697535
1.5275952693823918,0.4840418432651226,0.5126149309645335
1.5287001117759222,0.49812329824980967,0.49826217877496565
1.5298065534938807,0.5101834671195313,0.48582163080363366
1.5309145980114571,0.520314272010124,0.47521243927326434
1.5320242488139169,0.5285967934357151,0.4663628083799391
1.533135509396637,0.5350927216319071,0.4592096146527554
1.5342483832651446,0.5398440326113124,0.4536985569672824
1.5353628739351515,0.5428783579929797,0.4497874920001849
1.5364789849325933,0.5442110046314657,0.4474506613419309
1.5375967197936644,0.5438403312901804,0.44667983488247004
1.5387160820648578,0.5417429659323945,0.4474822297658152
1.5398370753030002,0.5378759878029236,0.4498790703175063
1.5409597030752917,0.5321844413442324,0.4539072786989044
1.542083968959342,0.5246066222382222,0.45962190437613226
1.5432098765432098,0.5150741773776252,0.46709510114662517
1.5443374294254402,0.5035123555110421,0.47641098195973147
1.5454666312151024,0.4898463184322453,0.48765962818919323
1.54659748553183,0.47401180081870886,0.5009328083738938
1.547729996005858,0.45596314250154363,0.5163199859099248
1.548864166278063,0.4356757746252821,0.5339014464520571
1.55,0.41314797005484455,0.553737872844789
1.551137500833945,0.3884080283244202,0.5758587514828016
1.552276672452931,0.3615271079197853,0.6002515509555987
1.55341751854079,0.33263327216347605,0.6268504024320443
1.5545600427921904,0.3019249029680495,0.6555211359928784
1.5557042489126798,0.26968687797591834,0.6860412540059138
1.5568501406187225,0.2363125258621737,0.7180769781360101
1.5579977216377405,0.20232773878666094,0.7511617477543642
1.5591469957081545,0.1684081512468722,0.7846805091391621
1.5602979665794243,0.13538124077480762,0.817863557010487
1.5614506380120887,0.10420934463559185,0.8497945813669607
1.5626050137778076,0.07595102363786932,0.8794395063081711
1.5637610976594027,0.051697373942102526,0.9057024736592719
1.5649188934508984,0.03248293628965181,0.9275097667551268
1.5660784049575645,0.019180446536048185,0.9439123782373626
1.5672396359959555,0.01239906261107081,0.9541887551976687
1.5684025903939556,0.012408682139811573,0.957926792104821
1.569567271990819,0.019106634629738613,0.955069200920025
1.5707336846372113,0.03203240027413832,0.945914787793453
1.5719018321952538,0.05042618973429363,0.9310760766153872
1.5730717185385654,0.07331927460833228,0.9114011793163578
1.5742433475523057,0.09963785753626694,0.8878756038487843
1.575416723133216,0.1283005144381804,0.861524674235465
1.5765918491896656,0.15829442043845446,0.8333343514623662
1.577768729641694,0.1887253410320102,0.8041977766545705
1.5789473684210527,0.21884419052298462,0.774884505693325
1.5801277694712519,0.24805492615846922,0.7460264810351224
1.5813099367476025,0.2759073567029772,0.7181179256477267
1.5824938742172612,0.302078918732735,0.6915280042048032
1.583679585859274,0.32635175753933976,0.6665218703098278
1.5848670756646217,0.348591357493128,0.6432824923001199
1.5860563476362644,0.3687288077447816,0.6219280749274998
1.5872474057891863,0.38674466150663184,0.6025259673521494
1.5884402541504408,0.4026528342307698,0.5851065876764899
1.5896348967591958,0.41648661878735616,0.5696776729790419
1.5908313376667809,0.4282899180756478,0.5562353990095947
1.5920295809367297,0.43811316706534587,0.5447700727827428
1.5932296306448297,0.4460098634143506,0.5352684961020175
1.594431490879166,0.45203114777634396,0.5277167824345338
1.5956351657401688,0.45622057579355274,0.5221044972103542
1.5968406593406594,0.4586126623360085,0.51842770556794
1.5980479758058972,0.4592348760991783,0.5166889821949343
1.5992571192736276,0.45810888886185347,0.5168954956104703
1.6004680938941283,0.4552485498610481,0.5190577923220203
1.6016809038302562,0.4506571750221538,0.5231903169351737
1.6028955532574973,0.4443283303269862,0.5293122757158459
1.6041120463640128,0.4362501093121189,0.5374468582831564
1.605330387350687,0.42640870171330025,0.5476183303160416
1.6065505804311775,0.41478871078283824,0.5598483546325663
1.6077726298319617,0.4013730356309852,0.574153213052962
1.6089965397923875,0.3861468582821845,0.5905418469751081
1.6102223145647205,0.3691059754905178,0.609012360839393
1.6114499584141946,0.3502653039864985,0.6295445782482413
1.612679475619061,0.3296649254573969,0.652089212132974
1.6139108704706373,0.307376323197144,0.6765570070669881
1.6151441472733588,0.28351305304470853,0.7028098489365532
1.6163793103448274,0.25824559150826204,0.7306514580095699
1.6176163640158632,0.23181542933712593,0.7598140872064614
1.618855312630553,0.20454458044634583,0.7899427356335371
1.6200961605463033,0.17684131429762898,0.8205841189943425
1.621338912133891,0.1492039679140552,0.8511862254902249
1.6225835717775143,0.12222027129370187,0.8811071524698404
1.6238301438748428,0.09655580939456462,0.9096290613794333
1.6250786328370728,0.0729276496509576,0.9359791096420885
1.6263290430889759,0.05206528208691047,0.9593652977805728
1.6275813790689535,0.03466407706849081,0.9790302933938483
1.6288356452290877,0.0213349918094386,0.9943135306880008
1.6300918460351959,0.012553555930518753,1.0047059085823662
1.6313499859668819,0.00861471462195817,1.0098888566959479
1.63261006951759,0.00960362443966788,1.0097595187782207
1.633872101194659,0.015389704718978705,1.0044430807944267
1.6351360855193753,0.025643227526158052,0.9942852529531819
1.6364020270270272,0.0398681027934116,0.9798179141513662
1.6376699302669577,0.05744519617436038,0.9617036933670592
1.6389397998026223,0.07768273570704261,0.9406769111954001
1.6402116402116405,0.0998683942553938,0.9174948126203456
1.6414854560858516,0.12331397457906527,0.8928994351832276
1.6427612520313715,0.14738561809500633,0.8675838237241266
1.6440390326686465,0.17152063417663424,0.8421626696389651
1.6453188026325103,0.19523758035533237,0.8171550630530768
1.646600566572238,0.2181426966559652,0.7929838258712204
1.6478843291516052,0.23992902221384138,0.7699855709106247
1.649170095048943,0.2603652358846876,0.7484211859172635
1.6504578689571947,0.27927962914312704,0.728482392775871
1.6517476555839727,0.2965488322019266,0.7102981169942914
1.6530394596516174,0.3120935826396678,0.6939455654724662
1.6543332858972533,0.3258737165398158,0.6794654538853382
1.6556291390728477,0.33787568425358966,0.6668756663173772
1.656927023945268,0.3480975155971882,0.6561780756341546
1.6582269452963412,0.356542216280774,0.6473590640692317
1.6595289079229123,0.36322144087374747,0.6403903025837
1.6608329166369027,0.3681584397565537,0.6352358455967605
1.6621389762653702,0.37138079453902484,0.6318631460098667
1.6634470916505686,0.372908516274161,0.630248029734766
1.6647572676500073,0.3727513548831114,0.6303682957289625
1.6660695091365103,0.370918258547416,0.6321946751773447
1.6673838209982788,0.36742581262611634,0.6356929923293981
1.6687002081389508,0.36229372964190765,0.6408369817512617
1.6700186754776614,0.35553365442402485,0.647614124400825
1.671339227949105,0.3471481523387359,0.6560127418230993
1.672661870503597,0.3371442387158554,0.6660037395401049
1.6739866081071353,0.32554636831653216,0.6775402180573964
1.6753134457414613,0.3123944785794063,0.6905743947970424
1.6766423884041248,0.29773372077825794,0.7050640062204657
1.677973441108545,0.2816153931572086,0.7209507614189695
1.6793066088840738,0.26411471354330085,0.738131974572479
1.680641896776059,0.24534859134673137,0.7564590510052361
1.6819793098459088,0.2254765823214633,0.7757603328880899
1.6833188531711554,0.20469145030223748,0.7958490238316698
1.6846605318455186,0.18322020846130038,0.8164949328028663
1.6860043509789702,0.16134134867227123,0.8373913705685248
1.687350315697801,0.13939942481488887,0.8581614194493
1.6886984311446833,0.11779830140501732,0.8783981340621312
1.690048702478738,0.09697932806506254,0.897688555502527
1.6914011348756002,0.07740564312604849,0.9155973509031309
1.6927557335274843,0.05955783762982611,0.9316492673675719
1.6941125036432527,0.04392255028935817,0.9453604571961898
1.6954714504484796,0.030959080513384803,0.9563079774674051
1.6968325791855203,0.021056051382242008,0.9641768715266995
1.6981958951135783,0.014502613415244755,0.9687545900413611
1.699561403508772,0.011479116360240025,0.9699110081883362
1.7009291096642036,0.01204966507690943,0.9676143835087887
1.7022990188900278,0.01614708562722255,0.9619744839498671
1.7036711365135195,0.023566978416790313,0.9532567721099455
1.7050454678791434,0.03398988931379379,0.9418394457076308
1.7064220183486238,0.04702126837816108,0.928148617224502
1.7078007933010135,0.06221967546902353,0.9126239695924312
1.7091817981327648,0.0791057843946955,0.8957228658630072
1.7105650382577986,0.09717793266756523,0.877925722368978
1.7119505191075766,0.11595239968170402,0.859710033882373
1.7133382461311717,0.13500412815859428,0.841501048205204
1.7147282247953388,0.1539695813193619,0.8236369881287521
1.7161204605845881,0.172517400363477,0.8063782844826716
1.7175149590012557,0.19033714190810685,0.7899504627175095
1.7189117255655775,0.2071719581577916,0.7745731928500537
1.7203107658157601,0.2228526223094251,0.760436842887387
1.7217120853080567,0.23727582733931102,0.7476499787922066
1.7231156896168383,0.2503416994469198,0.736231782432947
1.7245215843346684,0.26192927366720264,0.7261824486571585
1.7259297750723777,0.2719451983983715,0.7175590932835973
1.727340267459138,0.2803770173739728,0.7104546981681438
1.7287530671425386,0.2872643856354918,0.7048950346983226
1.730168179788659,0.29261074845403917,0.7007953476402043
1.731585611082148,0.29635143821516435,0.6980602492950513
1.7330053667262968,0.29842990170935707,0.696710131822796
1.7344274524431182,0.29888303626336626,0.6968520618350086
1.735851873973421,0.2978096689242577,0.6985129476650725
1.7372786370768885,0.29525067540047434,0.7015638864341723
1.7387077475321566,0.2911431036591743,0.7058651024558134
1.740139211136891,0.28542468179428787,0.7114480490283682
1.7415730337078652,0.27815655281605733,0.7184664142996552
