radius_um,kappa,loss_db_per_cm,resonance_nm,analytic_fsr_nm,fwhm_nm,q_loaded,extinction_ratio_db,baseline_transmission,min_transmission
5.0,0.05,0.5,1543.2238639168424,19.11848753891393,0.008641027421144282,178592.63588732856,2.527822838521722,0.9999999245099519,0.5587501894125421
5.0,0.05,2.0,1543.2238639277405,19.11848753891393,0.011913868731340309,129531.71624832298,11.455345046204169,0.9999996980360808,0.07152623483490361
5.0,0.05,5.0,1543.223863959947,19.11848753891393,0.018459551341812343,83600.2910029792,14.799212481103176,0.9999992450749838,0.033119092187803956
5.0,0.1,0.5,1543.2238640645146,19.11848753891393,0.0314053278915004,49138.919020239744,0.6254417751387221,0.9999996968785588,0.8658759773317307
5.0,0.1,2.0,1543.223864099541,19.11848753891393,0.034678169169587034,44501.30733697896,2.5181776962827787,0.9999987875024595,0.5599918466036036
5.0,0.1,5.0,1543.2238641799895,19.11848753891393,0.04122385167077005,37435.21775948508,6.544738807422342,0.999996968692876,0.22157706364724805
5.0,0.15,0.5,1543.2238646918304,19.11848753891393,0.06973183316097502,22130.837448792125,0.27612242257809333,0.9999993134764608,0.9383988342377816
5.0,0.15,2.0,1543.2238647674467,19.11848753891393,0.07300467404381648,21138.699473423076,1.10588817537202,0.9999972537164104,0.7751932630802005
5.0,0.15,5.0,1543.2238649290828,19.11848753891393,0.07955035554789383,19399.33334427367,2.7845985538379585,0.9999931332589115,0.5266682797757004
5.0,0.25,0.5,1543.223870107483,19.11848753891393,0.19575532903682102,7883.43222992007,0.09735657866291347,0.9999980424685109,0.9778303031083247
5.0,0.25,2.0,1543.2238703166236,19.11848753891393,0.19902814537891217,7753.797169634553,0.3894874940012067,0.9999921682606792,0.9142139613622098
5.0,0.25,5.0,1543.2238707453077,19.11848753891393,0.20557377285254663,7506.910289826839,0.9745768036166385,0.9999804123715101,0.7989761449303099
5.0,0.4,0.5,1543.2239088519127,19.11848753891393,0.5269428221697634,2928.6363603881437,0.036036657863283465,0.999994496013513,0.9917311256560885
5.0,0.4,2.0,1543.2239094117847,19.11848753891393,0.5302142950899427,2910.5663949516875,0.14414977331319262,0.9999779713403395,0.9673317792022184
5.0,0.4,5.0,1543.223910541891,19.11848753891393,0.536757151118888,2875.0877511831745,0.36041809400374925,0.9999448648779442,0.920310220398187
5.0,0.6,0.5,1543.2241599286697,19.11848753891393,1.3420813707365846,1149.8737659115932,0.014070175443673075,0.9999819509404834,0.9967474741141352
5.0,0.6,2.0,1543.2241614355419,19.11848753891393,1.3452867467181013,1147.1339959308448,0.056281153259263965,0.999927701793968,0.9870530272866541
5.0,0.6,5.0,1543.22416442297,19.11848753891393,1.3516954646565584,1141.695156027675,0.14070684474117034,0.9998187393906626,0.967944792999409
7.5,0.05,0.5,1549.5670607395086,12.745658359275954,0.006174783728693052,250950.8233525595,3.825876042013877,0.9999998866946527,0.4143929389050707
7.5,0.05,2.0,1549.5670607478396,12.745658359275954,0.00947458547979031,163549.85281974936,22.9436586031242,0.9999995468472943,0.0050773130677999045
7.5,0.05,5.0,1549.5670607750421,12.745658359275954,0.01607418879582739,96400.94940139596,8.669563380625739,0.9999988670832007,0.13584484729265212
7.5,0.1,0.5,1549.5670608077653,12.745658359275954,0.02147599955294732,72153.4314147956,0.9386699907945679,0.9999995451069127,0.8056247563718276
7.5,0.1,2.0,1549.567060832386,12.745658359275954,0.024775801138978405,62543.57032251673,3.811013643666865,0.9999981803945737,0.41581279163540696
7.5,0.1,5.0,1549.5670608921616,12.745658359275954,0.03137540421892905,49387.95529388892,10.490761577340706,0.9999954508216409,0.0893144784625356
7.5,0.15,0.5,1549.5670610932573,12.745658359275954,0.04723748132407532,32803.761285712244,0.4142272450779794,0.9999989698251309,0.9090270946635599
7.5,0.15,2.0,1549.5670611452588,12.745658359275954,0.05053728260368406,30661.859548267417,1.6616441747534025,0.9999958792356816,0.6820776089916242
7.5,0.15,5.0,1549.567061259726,12.745658359275954,0.05713688509969543,27120.257930686283,4.222738932493815,0.9999896977999077,0.37820009407651844
7.5,0.25,0.5,1549.5670635398642,12.745658359275954,0.13194523203781464,11744.017116857762,0.14603677988946698,0.9999970637259911,0.9669300265537588
7.5,0.25,2.0,1549.5670636819918,12.745658359275954,0.13524500794793087,11457.480665597453,0.5843536770187482,0.9999882512598371,0.8740967990626328
7.5,0.25,5.0,1549.5670639767782,12.745658359275954,0.1418445516113262,10924.403132682935,1.4637881036623406,0.9999706092250091,0.7138524020097141
7.5,0.4,0.5,1549.5670809993105,12.745658359275954,0.35455553742658147,4370.449527445845,0.054055086937072255,0.9999917433553854,0.9876223408453495
7.5,0.4,2.0,1549.5670813781578,12.745658359275954,0.35785394934063003,4330.166215109095,0.21623091013666834,0.9999669449301128,0.9513986988046136
7.5,0.4,5.0,1549.5670821463618,12.745658359275954,0.3644506088374229,4251.7889792786855,0.5407244753691334,0.9999172174347448,0.8828595088764861
7.5,0.6,0.5,1549.5671921120695,12.745658359275954,0.9015377852826069,1718.8044887395636,0.021103295661286256,0.9999713474801011,0.9951240598488681
7.5,0.6,2.0,1549.5671930533942,12.745658359275954,0.9047431925303407,1712.714951432397,0.08441453926573887,0.9998850470414415,0.9806377775820423
7.5,0.6,5.0,1549.5671949476666,12.745658359275954,0.9111468117078447,1700.677843610266,0.2110490587054536,0.9997108531215614,0.9522906079362544
10.0,0.05,0.5,1552.7582540121994,9.559243769456964,0.004926299354651206,315197.70566645527,5.167468005354725,0.9999998488272269,0.30426579590668845
10.0,0.05,2.0,1552.7582540192232,9.559243769456964,0.008239706298006395,188448.25262702804,22.81264614245131,0.9999993952917413,0.005232811892457723
10.0,0.05,5.0,1552.7582540438757,9.559243769456964,0.014866520062011513,104446.65244905873,6.270003224753726,0.9999984881198497,0.2360472911704904
10.0,0.1,0.5,1552.7582540518583,9.559243769456964,0.016449526936433558,94395.31361918386,1.2525092113348777,0.9999993929558922,0.7494606151916683
10.0,0.1,2.0,1552.7582540711755,9.559243769456964,0.019762933711127154,78569.21835430354,5.146864766354625,0.9999975717367514,0.30571198769581875
10.0,0.1,5.0,1552.7582541204129,9.559243769456964,0.02638974697806971,58839.45213308711,15.758593247576453,0.9999939289024206,0.026554494507791904
10.0,0.15,0.5,1552.7582542151908,9.559243769456964,0.035850299235508754,43312.28155209443,0.5523844387531445,0.999998625168712,0.8805640664418802
10.0,0.15,2.0,1552.7582542551909,9.559243769456964,0.039163705366603185,39647.88928218483,2.2208131674280285,0.9999945004979677,0.5996754847207497
10.0,0.15,5.0,1552.758254345773,9.559243769456964,0.04579051717594737,33910.03967872629,5.720126388302869,0.9999862503635041,0.26790535203260724
10.0,0.25,0.5,1552.7582556055547,9.559243769456964,0.0996430526918408,15583.206391795955,0.19471927482365523,0.9999960848379387,0.9561507547379431
10.0,0.25,2.0,1552.758255713546,9.559243769456964,0.10295643310825522,15081.702122303257,0.77936698553668,0.9999843328641824,0.8357117286549115
10.0,0.25,5.0,1552.7582559401292,9.559243769456964,0.10958318218029098,14169.676633276302,1.955327366000843,0.9999607976112572,0.6374560358852677
10.0,0.4,0.5,1552.7582655023275,9.559243769456964,0.2672890503642686,5809.284979636043,0.07207363393839958,0.9999889902328258,0.9835305517363745
10.0,0.4,2.0,1552.758265788963,9.559243769456964,0.2706010495748464,5738.182716691499,0.2883195244993655,0.9999559103138291,0.9357264358905228
10.0,0.4,5.0,1552.7582663728185,9.559243769456964,0.2772248057579527,5601.079824467601,0.721147666998993,0.9998895136133389,0.8469099729633467
10.0,0.6,0.5,1552.7583284342008,9.559243769456964,0.6792090951085127,2286.127114045973,0.02813776466899945,0.9999617831386409,0.9935040134012978
10.0,0.6,2.0,1552.758329145432,9.559243769456964,0.6824273963852977,2275.345827805463,0.11255386376048024,0.9998465236106391,0.97426691479268
10.0,0.6,5.0,1552.7583305766038,9.559243769456964,0.6888549986015317,2254.1149207437156,0.2814127279579399,0.9996131604590536,0.9368945064138166
12.5,0.05,0.5,1547.0235348072388,7.6473950155655706,0.004131247957941382,374468.81682166737,6.57187828172503,0.9999998108327557,0.22019735080716663
12.5,0.05,2.0,1547.023534813378,7.6473950155655706,0.0074202256063720115,208487.3987503687,14.79921270045589,0.9999992432852118,0.033119090455754896
12.5,0.05,5.0,1547.0235348361464,7.6473950155655706,0.013998180578452115,110516.04357908723,4.937790239263366,0.9999981079762583,0.320789507200855
12.5,0.1,0.5,1547.0235348329884,7.6473950155655706,0.01328186255716813,116476.39991561805,1.5671668390683253,0.999999240343362,0.6970805836970013
12.5,0.1,2.0,1547.0235348488545,7.6473950155655706,0.016570839948030873,93358.18460021327,6.544738924317212,0.9999969612209473,0.22157705602765831
12.5,0.1,5.0,1547.023534891074,7.6473950155655706,0.023148794122708642,66829.55175507245,25.547199167866577,0.9999924022033004,0.002787897378648596
12.5,0.15,0.5,1547.0235349374686,7.6473950155655706,0.028688047933956677,53925.71632963324,0.6906115221780038,0.9999982794533039,0.8529785314036854
12.5,0.15,2.0,1547.0235349697048,7.6473950155655706,0.03197702424357986,48379.2213804981,2.7845985937772055,0.9999931174503708,0.5266682666063598
12.5,0.15,5.0,1547.0235350446524,7.6473950155655706,0.03855497591318885,40125.13296670088,7.304567326773801,0.9999827918180357,0.18600978631242604
12.5,0.25,0.5,1547.0235358210577,7.6473950155655706,0.07934598253902764,19497.187964874323,0.24340482845347977,0.9999951058402383,0.9454909835242057
12.5,0.25,2.0,1547.0235359070805,7.6473950155655706,0.08263493303480927,18721.180971435046,0.9745768069102555,0.9999804130878066,0.7989761448966947
12.5,0.25,5.0,1547.0235360896058,7.6473950155655706,0.08921281928130596,17340.82106755902,2.450005272849168,0.9999509780458558,0.5688243539410232
12.5,0.4,0.5,1547.023542094617,7.6473950155655706,0.21247386842179614,7281.006147181905,0.09009233761948465,0.9999862365304736,0.9794556792876736
12.5,0.4,2.0,1547.0235423219851,7.6473950155655706,0.21576142919836314,7170.065326642365,0.360418102342202,0.9999448662566282,0.9203102199000786
12.5,0.4,5.0,1547.0235427871805,7.6473950155655706,0.22233626778574972,6958.035043917987,0.9017267974328205,0.9998617549184342,0.8123950658754765
12.5,0.6,0.5,1547.0235819561199,7.6473950155655706,0.5395749975249691,2867.1150239583344,0.03517226173780253,0.9999522172242657,0.9918865963042238
12.5,0.6,2.0,1547.0235825195086,7.6473950155655706,0.5427687359009564,2850.244459920048,0.14069403233645478,0.9998079085287102,0.9679371629926882
12.5,0.6,5.0,1547.0235836549239,7.6473950155655706,0.5491451981403038,2817.148522638392,0.3517874904234775,0.9995147794865654,0.9217443224631431
15.0,0.05,0.5,1543.223863906856,6.372829179637977,0.0036076406728502187,427765.4023363782,8.063619237306852,0.9999997727485942,0.15618451653412935
15.0,0.05,2.0,1543.2238639124155,6.372829179637977,0.006880481754712036,224290.08882343923,11.422592690528795,0.9999990907230843,0.07206764590887138
15.0,0.05,5.0,1543.2238639339487,6.372829179637977,0.013426163679061805,114941.53511182178,4.080925016078004,0.9999977264221382,0.39075676993342756
15.0,0.1,0.5,1543.223863925052,6.372829179637977,0.011195740271248898,137840.27018634148,1.8828534756061979,0.999999087185518,0.6482078049826806
15.0,0.1,2.0,1543.2238639386592,6.372829179637977,0.014468581043165955,106660.34625887386,8.02876092637244,0.9999963484433928,0.1574426248122962
15.0,0.1,5.0,1543.2238639762834,6.372829179637977,0.021014261602227777,73436.9778575842,28.33795049474638,0.9999908696191504,0.0014662262323584807
15.0,0.15,0.5,1543.2238639978375,6.372829179637977,0.02397123846266963,64378.144934025724,0.8289260653423179,0.9999979324353964,0.826240531332005
15.0,0.15,2.0,1543.2238640249811,6.372829179637977,0.027244077689647886,56644.37906853313,3.354262925164337,0.9999917290968517,0.46192356196364315
15.0,0.15,5.0,1543.2238640896855,6.372829179637977,0.03378975436027136,45671.35492124638,9.013224521817964,0.999979319529924,0.1255071784729357
15.0,0.25,0.5,1543.2238646094004,6.372829179637977,0.06597906909959067,23389.597423389147,0.2920942059799176,0.9999941268187207,0.9349492309260714
15.0,0.25,2.0,1543.2238646810417,6.372829179637977,0.06925188254310538,22284.215360073023,1.1700328263862556,0.9999764923295671,0.7638120542407644
15.0,0.25,5.0,1543.2238648347272,6.372829179637977,0.07579749103001364,20359.827797250633,2.9486633242810356,0.9999411503140383,0.5071169289482769
15.0,0.4,0.5,1543.2238689406215,6.372829179637977,0.17637459605961345,8749.69470330649,0.10811123640008664,0.9999834818557957,0.9753976446981771
15.0,0.4,2.0,1543.223869129186,6.372829179637977,0.17964602649107186,8590.359048135595,0.4325291342662613,0.999933814492001,0.9051453853553202
15.0,0.4,5.0,1543.2238695167105,6.372829179637977,0.1861885088803907,8288.50222173535,1.0825011975953673,0.99983393705518,0.7792516921640678
15.0,0.6,0.5,1543.2238964401265,6.372829179637977,0.4476157781399342,3447.6530359429867,0.04220677512681409,0.999942637363958,0.9902717947270864
15.0,0.6,2.0,1543.2238969067537,6.372829179637977,0.4507930679072006,3423.3532118653584,0.1688351535266574,0.9997691559887684,0.9616481906116116
15.0,0.6,5.0,1543.223897848722,6.372829179637977,0.4571361332078699,3375.8519306260655,0.42217580918657654,0.9994157078397873,0.9068356605547617
