wavelength_um,through_transmission
1.4220183486238531,0.9837617322458068
1.4234875444839858,0.9836464345721322
1.4249597793610664,0.9835303542804973
1.4264350626941218,0.9834134547274798
1.4279134039613082,0.983295693098888
1.4293948126801153,0.9831770207433035
1.4308792984075698,0.9830573840790534
1.4323668707404413,0.9829367256055455
1.4338575393154487,0.9828149846405125
1.4353513138094685,0.9826920975720471
1.436848203939745,0.9825679976072333
1.438348219464099,0.9824426141724731
1.4398513701811424,0.982315872237166
1.4413576659304892,0.9821876918727686
1.4428671165929718,0.9820579883247906
1.444379732090856,0.9819266727803867
1.4458955223880596,0.9817936538873273
1.44741449749037,0.9816588399521925
1.4489366674456647,0.981522141643496
1.4504620423441337,0.9813834749695551
1.4519906323185012,0.9812427642971043
1.4535224475442503,0.9810999452198704
1.4550574982398499,0.9809549671612854
1.4565957946669799,0.9808077956800595
1.458137347130762,0.9806584145199845
1.4596821659799883,0.9805068274873237
1.4612302616073534,0.9803530602406186
1.4627816444496875,0.980197162037687
1.4643363249881909,0.9800392074119939
1.4658943137486702,0.9798792976616912
1.4674556213017753,0.979717561949207
1.4690202582632388,0.9795541577477247
1.4705882352941175,0.97938927034879
1.4721595631010327,0.9792231111719396
1.4737342524364154,0.9790559146929239
1.4753123140987507,0.9788879339239736
1.476893758932825,0.9787194345224817
1.4784785978299748,0.9785506877539507
1.480066841728336,0.9783819626705409
1.4816585016130959,0.978213517969236
1.4832535885167464,0.9780455940497705
1.484852113519339,0.9778784057948207
1.4864540877487413,0.977712136543492
1.4880595223808952,0.9775469336310809
1.489668428640077,0.977382905735743
1.491280817799158,0.9772201221222939
1.49289670117987,0.977058613721724
1.4945160901530674,0.9768983758482174
1.4961389961389961,0.9767393722462087
1.4977654306075612,0.976581540086806
1.4993954050785971,0.9764247954994281
1.50102893112214,0.9762690392296017
1.5026660203587008,0.9761141620526513
1.5043066844595414,0.975960049637534
1.5059509351469516,0.9758065866360683
1.5075987841945289,0.9756536598605867
1.5092502434274586,0.9755011604989811
1.5109053247227975,0.9753489853929046
1.5125640400097584,0.9751970374677288
1.5142264012699964,0.9750452254487881
1.5158924205378974,0.9748934630267707
1.517562109900869,0.9747416676468134
1.5192354814996325,0.9745897590931153
1.5209125475285172,0.974437658026536
1.5225933202357564,0.9742852846100387
1.5242778119237863,0.9741325573288899
1.5259660349495447,0.9739793920821672
1.5276580017247752,0.9738257015915514
1.5293537247163296,0.973671395144355
1.531053216446475,0.9735163786616086
1.5327564894932015,0.9733605550596521
1.5344635564905333,0.9732038248556206
1.5361744301288405,0.973046086953821
1.537889123155153,0.9728872395416225
1.539607648373479,0.9727271810198943
1.541330018645121,0.9725658108945406
1.5430562468889994,0.9724030305617983
1.5447863460819733,0.9722387439304839
1.546520329259167,0.9720728578386053
1.5482582095142965,0.9719052822389276
1.55,0.971735930147062
1.5517457139281692,0.9715647173652643
1.5534953645702831,0.9713915620139308
1.555248965257745,0.9712163839194514
1.5570065293822202,0.9710391039203043
1.5587680703959774,0.9708596431620133
1.5605336018122327,0.9706779224550837
1.5623031372054934,0.9704938617680577
1.5640766902119074,0.9703073799203981
1.5658542745296125,0.9701183945277196
1.5676359039190897,0.9699268222357623
1.5694215922035184,0.9697325792607256
1.5712113532691332,0.9695355822334807
1.5730052010655842,0.9693357493251269
1.574803149606299,0.9691330016125602
1.5766052129688493,0.9689272646264623
1.5784114052953158,0.9687184700108852
1.5802217407926595,0.9685065572144556
1.5820362337330953,0.9682914751280441
1.5838548984544643,0.9680731835830985
1.5856777493606138,0.9678516546285483
1.5875048009217771,0.9676268735121827
1.5893360676749553,0.9673988393045458
1.591171564224304,0.9671675651192544
1.5930113052415211,0.9669330779026722
1.594855305466238,0.9666954177873914
1.5967035797064126,0.966454637026653
1.5985561428387265,0.9662107985496632
1.6004130098089833,0.9659639741986964
1.6022741956325108,0.9657142427265074
1.604139715394567,0.9654616876450723
1.6060095842507447,0.9652063950225834
1.607883817427386,0.9649484513241756
1.6097624302219915,0.9646879413828677
1.6116454380036391,0.9644249465713773
1.6135328562134028,0.9641595432245492
1.6154247003647733,0.963891801338451
1.6173209860440851,0.9636217835487585
1.619221728910943,0.9633495443708829
1.6211269446986536,0.9630751296701389
1.6230366492146597,0.9627985763239226
1.6249508583409777,0.962519912040184
1.6268695880346367,0.9622391553065693
1.6287928543281232,0.9619563154602989
1.6307206733298265,0.9616713928868184
1.63265306122449,0.9613843793712277
1.6345900342736621,0.961095258636461
1.6365316088161543,0.9608040071024908
1.638477801268499,0.9605105948897182
1.6404286281254137,0.9602149870669588
1.6423841059602649,0.9599171451126985
1.6443442514255404,0.9596170285219144
1.6463090812533192,0.9593145964562029
1.6482786122557491,0.9590098093091204
1.6502528613255256,0.958702630048333
1.6522318454363758,0.958393025205931
1.6542155816435433,0.9580809654203646
1.6562040870842796,0.9577664254857278
1.6581973789783366,0.9574493839306502
1.6601954746284644,0.9571298222205968
1.6621983914209117,0.9568077237415458
1.6642061468259295,0.9564830727678859
1.6662187583982802,0.9561558536322017
1.668236243777748,0.9558260502928428
1.6702586206896555,0.955493646437144
1.6722859069453813,0.955158626169895
1.6743181204428843,0.9548209752329666
1.6763552791672303,0.954480682600999
1.678397401191121,0.95413774222165
1.6804445046754306,0.9537921546360961
1.6824966078697425,0.9534439282392647
1.6845537291128923,0.9530930800228226
1.6866158868335146,0.9527396357773469
1.6886830995505924,0.9523836298910799
1.6907553858740114,0.9520251050385998
1.6928327645051195,0.9516641121659968
1.6949152542372883,0.9513007112144259
1.6970028739564802,0.9509349729562983
1.6990956426418198,0.9505669821410457
1.7011935793661683,0.9501968418759189
1.7032967032967035,0.949824678839096
